Path,Guid,Name
Assets/Art/Sprites/Characters/Enemies/Flower Boss/Attack1/FlowerBoss_Attack1_001.png,b55d1953acaa9613864f6e018f9f399c,FlowerBoss_Attack1_001
Assets/Art/Sprites/Characters/Enemies/Flower Boss/Attack1/FlowerBoss_Attack1_002.png,492938a359257a705a850c71ece1af83,FlowerBoss_Attack1_002
Assets/Art/Sprites/Characters/Enemies/Flower Boss/Attack1/FlowerBoss_Attack1_003.png,71e07ad7b12d0554433f099389f3c4e6,FlowerBoss_Attack1_003
Assets/Art/Sprites/Characters/Enemies/Flower Boss/Attack1/FlowerBoss_Attack1_004.png,68e14598eb7ed36f0b601358dacdf3f9,FlowerBoss_Attack1_004
Assets/Art/Sprites/Characters/Enemies/Flower Boss/Attack1/FlowerBoss_Attack1_005.png,f748eb42ffbbc96ce94146892b6201a1,FlowerBoss_Attack1_005
Assets/Art/Sprites/Characters/Enemies/Flower Boss/Attack1/FlowerBoss_Attack1_006.png,9aa34cecd11c5d2e23d7e25f37df0bb2,FlowerBoss_Attack1_006
Assets/Art/Sprites/Characters/Enemies/Flower Boss/Attack1/FlowerBoss_Attack1_007.png,3b0c8eb54100464c3d4bb065b7cb466d,FlowerBoss_Attack1_007
Assets/Art/Sprites/Characters/Enemies/Flower Boss/Attack1/FlowerBoss_Attack1_008.png,9edb332efd17f783a4c6ae60fd9bc0a7,FlowerBoss_Attack1_008
Assets/Art/Sprites/Characters/Enemies/Flower Boss/Attack1/FlowerBoss_Attack1_009.png,1068aec166b222c11b89e679ac140034,FlowerBoss_Attack1_009
Assets/Art/Sprites/Characters/Enemies/Flower Boss/Attack1/FlowerBoss_Attack1_010.png,d81047eb946c2bf5d814be2a0a39437c,FlowerBoss_Attack1_010
Assets/Art/Sprites/Characters/Enemies/Flower Boss/Attack1/FlowerBoss_Attack1_011.png,1900aae8245490a84243f015d0551a9e,FlowerBoss_Attack1_011
Assets/Art/Sprites/Characters/Enemies/Flower Boss/Attack1/FlowerBoss_Attack1_012.png,be221b153043c78b5535f3d3e8fc1fbb,FlowerBoss_Attack1_012
Assets/Art/Sprites/Characters/Enemies/Flower Boss/Attack1/FlowerBoss_Attack1_013.png,daa66566e9f0c53680d097f8c5c756ac,FlowerBoss_Attack1_013
Assets/Art/Sprites/Characters/Enemies/Flower Boss/Attack1/FlowerBoss_Attack1_014.png,2ef2858111bd1ce7c406308239af03e6,FlowerBoss_Attack1_014
Assets/Art/Sprites/Characters/Enemies/Flower Boss/Attack1/FlowerBoss_Attack1_015.png,d18d3339c0ef4dcacfde4974aeb5f1a7,FlowerBoss_Attack1_015
Assets/Art/Sprites/Characters/Enemies/Flower Boss/Attack1/FlowerBoss_Attack1_016.png,5ab15f9181472a051ddcfdc3b242ba6e,FlowerBoss_Attack1_016
Assets/Art/Sprites/Characters/Enemies/Flower Boss/Attack1/FlowerBoss_Attack1_017.png,d3cfad92a7c0ae5b73b16e4b3fce649e,FlowerBoss_Attack1_017
Assets/Art/Sprites/Characters/Enemies/Flower Boss/Attack1/FlowerBoss_Attack1_018.png,5097aadd283620bf3e738dc7acfea4a9,FlowerBoss_Attack1_018
Assets/Art/Sprites/Characters/Enemies/Flower Boss/Attack1/FlowerBoss_Attack1_019.png,2c4f53a678fd548542e3a170c289354d,FlowerBoss_Attack1_019
Assets/Art/Sprites/Characters/Enemies/Flower Boss/Attack1/FlowerBoss_Attack1_020.png,4f0db7c3bf39c27a4161c9b53a278a26,FlowerBoss_Attack1_020
Assets/Art/Sprites/Characters/Enemies/Flower Boss/Attack1/FlowerBoss_Attack1_021.png,4fd3d1db03fd414a8c3c2dcac5d1dfcb,FlowerBoss_Attack1_021
Assets/Art/Sprites/Characters/Enemies/Flower Boss/Attack1/FlowerBoss_Attack1_022.png,d86e08af01a7c90b8b977d44f5812e6e,FlowerBoss_Attack1_022
Assets/Art/Sprites/Characters/Enemies/Flower Boss/Attack1/FlowerBoss_Attack1_023.png,caf1ae9e22821e7c2c2fcf4f0c33fc1a,FlowerBoss_Attack1_023
Assets/Art/Sprites/Characters/Enemies/Flower Boss/Attack1/FlowerBoss_Attack1_024.png,3d2b319e19ec22502c5add7f59206f2b,FlowerBoss_Attack1_024
Assets/Art/Sprites/Characters/Enemies/Flower Boss/Attack1/FlowerBoss_Attack1_025.png,c1681dfe329e772bf57c1d7ad48a45b8,FlowerBoss_Attack1_025
Assets/Art/Sprites/Characters/Enemies/Flower Boss/Attack1/FlowerBoss_Attack1_026.png,0af5b218d5c20fd39e64e50029f3f627,FlowerBoss_Attack1_026
Assets/Art/Sprites/Characters/Enemies/Flower Boss/Attack1/FlowerBoss_Attack1_027.png,2815d64317e069123e71135d17fc380f,FlowerBoss_Attack1_027
Assets/Art/Sprites/Characters/Enemies/Flower Boss/Attack1/FlowerBoss_Attack1_028.png,dddb67208e4f17cc5191a4ee0df249eb,FlowerBoss_Attack1_028
Assets/Art/Sprites/Characters/Enemies/Flower Boss/Attack1/FlowerBoss_Attack1_029.png,1cfbf5de22d4b952f1dd770c498f4fad,FlowerBoss_Attack1_029
Assets/Art/Sprites/Characters/Enemies/Flower Boss/Attack1/FlowerBoss_Attack1_030.png,a69d5068211d67be6651c88469d22a68,FlowerBoss_Attack1_030
Assets/Art/Sprites/Characters/Enemies/Flower Boss/Attack1/FlowerBoss_Attack1_031.png,bb54257ee7411b44ff8606e797c41c95,FlowerBoss_Attack1_031
Assets/Art/Sprites/Characters/Enemies/Flower Boss/Attack1/FlowerBoss_Attack1_032.png,96dc3cfc96f6f0af05fa3ac22cc44279,FlowerBoss_Attack1_032
Assets/Art/Sprites/Characters/Enemies/Flower Boss/Attack1/FlowerBoss_Attack1_033.png,befc0ac52d9a2800288b3b6512b73a41,FlowerBoss_Attack1_033
Assets/Art/Sprites/Characters/Enemies/Flower Boss/Attack1/FlowerBoss_Attack1_034.png,519ce9427d407a57261ef30cc91e97ff,FlowerBoss_Attack1_034
Assets/Art/Sprites/Characters/Enemies/Flower Boss/Attack1/FlowerBoss_Attack1_035.png,8e951ad9ea84a0697a528df3a7452d54,FlowerBoss_Attack1_035
Assets/Art/Sprites/Characters/Enemies/Flower Boss/Attack1/FlowerBoss_Attack1_036.png,45dff1fc38748c1ca7d00c86b5e529a9,FlowerBoss_Attack1_036
Assets/Art/Sprites/Characters/Enemies/Flower Boss/Attack1/FlowerBoss_Attack1_037.png,6c85f8744997064845ee11c358e6e482,FlowerBoss_Attack1_037
Assets/Art/Sprites/Characters/Enemies/Flower Boss/Attack1/FlowerBoss_Attack1_038.png,adb5aa51d82ac372656f7996a937fa5f,FlowerBoss_Attack1_038
Assets/Art/Sprites/Characters/Enemies/Flower Boss/Attack1/FlowerBoss_Attack1_039.png,8afeefbcdd85e9aa56046153f7b33676,FlowerBoss_Attack1_039
Assets/Art/Sprites/Characters/Enemies/Flower Boss/Attack1/FlowerBoss_Attack1_040.png,ceec4861db28b7ed13c9040474df4be4,FlowerBoss_Attack1_040
Assets/Art/Sprites/Characters/Enemies/Flower Boss/Attack1/FlowerBoss_Attack1_041.png,68d620dad5c9e95323bb9deb606ffc7b,FlowerBoss_Attack1_041
Assets/Art/Sprites/Characters/Enemies/Flower Boss/Attack1/FlowerBoss_Attack1_042.png,7c15db4eddea6e1e396052d66fdcfc50,FlowerBoss_Attack1_042
Assets/Art/Sprites/Characters/Enemies/Flower Boss/Attack1/FlowerBoss_Attack1_043.png,329cab30c2dc59e05a3f05db4f9f475b,FlowerBoss_Attack1_043
Assets/Art/Sprites/Characters/Enemies/Flower Boss/Attack1/FlowerBoss_Attack1_044.png,3aecf79af31c28d492768bb074eeb6ee,FlowerBoss_Attack1_044
Assets/Art/Sprites/Characters/Enemies/Flower Boss/Attack1/FlowerBoss_Attack1_045.png,a977ce1bdc815428b4e023d6e3ed235f,FlowerBoss_Attack1_045
Assets/Art/Sprites/Characters/Enemies/Flower Boss/Attack2/FlowerBoss_Attack2_001.png,e847babca859e55d47f11d0001d1ffef,FlowerBoss_Attack2_001
Assets/Art/Sprites/Characters/Enemies/Flower Boss/Attack2/FlowerBoss_Attack2_002.png,d5b262d42bb88ff371077f17af253a38,FlowerBoss_Attack2_002
Assets/Art/Sprites/Characters/Enemies/Flower Boss/Attack2/FlowerBoss_Attack2_003.png,c225cd701a4810c5500dc25582b6c5ff,FlowerBoss_Attack2_003
Assets/Art/Sprites/Characters/Enemies/Flower Boss/Attack2/FlowerBoss_Attack2_004.png,a0a8fc9b4571f82e9dcf43953c32f5ec,FlowerBoss_Attack2_004
Assets/Art/Sprites/Characters/Enemies/Flower Boss/Attack2/FlowerBoss_Attack2_005.png,7fbfd814f43d4e12cb2765a3ec095758,FlowerBoss_Attack2_005
Assets/Art/Sprites/Characters/Enemies/Flower Boss/Attack2/FlowerBoss_Attack2_006.png,15acb3486142187b94e022fce9d78d3b,FlowerBoss_Attack2_006
Assets/Art/Sprites/Characters/Enemies/Flower Boss/Attack2/FlowerBoss_Attack2_007.png,fb5345d7128374a2fb1dfadad33e728f,FlowerBoss_Attack2_007
Assets/Art/Sprites/Characters/Enemies/Flower Boss/Attack2/FlowerBoss_Attack2_008.png,3ec43178f55d512ea680cd8a6e2e8a29,FlowerBoss_Attack2_008
Assets/Art/Sprites/Characters/Enemies/Flower Boss/Attack2/FlowerBoss_Attack2_009.png,efd6c7b8b1ae2bb8b5ba60e7e5359ca6,FlowerBoss_Attack2_009
Assets/Art/Sprites/Characters/Enemies/Flower Boss/Attack2/FlowerBoss_Attack2_010.png,438e68cfd72e2f8baede7fcbbc6c8c6f,FlowerBoss_Attack2_010
Assets/Art/Sprites/Characters/Enemies/Flower Boss/Attack2/FlowerBoss_Attack2_011.png,58693304dcb696eaa95ec91f5c25fdad,FlowerBoss_Attack2_011
Assets/Art/Sprites/Characters/Enemies/Flower Boss/Attack2/FlowerBoss_Attack2_012.png,fffcec1af073ce1365b60c469d0f02c6,FlowerBoss_Attack2_012
Assets/Art/Sprites/Characters/Enemies/Flower Boss/Attack2/FlowerBoss_Attack2_013.png,80af7271bbf429044e8e36057829658a,FlowerBoss_Attack2_013
Assets/Art/Sprites/Characters/Enemies/Flower Boss/Attack2/FlowerBoss_Attack2_014.png,4d59ba8f878ad23074a80cdcb783f5a0,FlowerBoss_Attack2_014
Assets/Art/Sprites/Characters/Enemies/Flower Boss/Attack2/FlowerBoss_Attack2_015.png,a9b427ab84d4c34e4246ee50804ef516,FlowerBoss_Attack2_015
Assets/Art/Sprites/Characters/Enemies/Flower Boss/Attack2/FlowerBoss_Attack2_016.png,6204857d8470134c95f9cb806e5b1cd2,FlowerBoss_Attack2_016
Assets/Art/Sprites/Characters/Enemies/Flower Boss/Attack2/FlowerBoss_Attack2_017.png,5d1b4a43fc9a36eb6d122d1fc49e7548,FlowerBoss_Attack2_017
Assets/Art/Sprites/Characters/Enemies/Flower Boss/Attack2/FlowerBoss_Attack2_018.png,5b2865a1dc3904ebb50dc448001e9dbd,FlowerBoss_Attack2_018
Assets/Art/Sprites/Characters/Enemies/Flower Boss/Attack2/FlowerBoss_Attack2_019.png,c9fb6deb1317988bafdf0e64dc34a3fc,FlowerBoss_Attack2_019
Assets/Art/Sprites/Characters/Enemies/Flower Boss/Attack2/FlowerBoss_Attack2_020.png,0eec2372f2088f1ac305ee77dc33b4de,FlowerBoss_Attack2_020
Assets/Art/Sprites/Characters/Enemies/Flower Boss/Attack2/FlowerBoss_Attack2_021.png,ce19a0b2dcd7f4bd8cbdad4897a4aad9,FlowerBoss_Attack2_021
Assets/Art/Sprites/Characters/Enemies/Flower Boss/Attack2/FlowerBoss_Attack2_022.png,812ec4a6c1b551ccfc90b0374c66be8f,FlowerBoss_Attack2_022
Assets/Art/Sprites/Characters/Enemies/Flower Boss/Attack2/FlowerBoss_Attack2_023.png,55cac1c47d1a607226b9c753c115bf08,FlowerBoss_Attack2_023
Assets/Art/Sprites/Characters/Enemies/Flower Boss/Attack2/FlowerBoss_Attack2_024.png,64fc97a3996c3baace7cb625ad716e68,FlowerBoss_Attack2_024
Assets/Art/Sprites/Characters/Enemies/Flower Boss/Attack2/FlowerBoss_Attack2_025.png,6fc1a5174f18bf5d1744a4a7467e7353,FlowerBoss_Attack2_025
Assets/Art/Sprites/Characters/Enemies/Flower Boss/Attack2/FlowerBoss_Attack2_026.png,fbcdf00ecd21ae18fe8854919ffa0a0c,FlowerBoss_Attack2_026
Assets/Art/Sprites/Characters/Enemies/Flower Boss/Attack2/FlowerBoss_Attack2_027.png,7b676b68d42866cdab4c8f3e0da78535,FlowerBoss_Attack2_027
Assets/Art/Sprites/Characters/Enemies/Flower Boss/Attack2/FlowerBoss_Attack2_028.png,abff539282ec9bcd294b679256dc620f,FlowerBoss_Attack2_028
Assets/Art/Sprites/Characters/Enemies/Flower Boss/Attack2/FlowerBoss_Attack2_029.png,2c32edb2e267c08139f4a5225916070c,FlowerBoss_Attack2_029
Assets/Art/Sprites/Characters/Enemies/Flower Boss/Attack2/FlowerBoss_Attack2_030.png,18e98d4f8a3ea7f63de85b21f80a4f2f,FlowerBoss_Attack2_030
Assets/Art/Sprites/Characters/Enemies/Flower Boss/Attack2/FlowerBoss_Attack2_031.png,971c503c46e6b8f9916dfcc548ee4147,FlowerBoss_Attack2_031
Assets/Art/Sprites/Characters/Enemies/Flower Boss/Attack2/FlowerBoss_Attack2_032.png,47eaa8549ed7f48ea46b2f5bb3f59fb3,FlowerBoss_Attack2_032
Assets/Art/Sprites/Characters/Enemies/Flower Boss/Attack2/FlowerBoss_Attack2_033.png,5c8b015c321572c155c44240eb739aaf,FlowerBoss_Attack2_033
Assets/Art/Sprites/Characters/Enemies/Flower Boss/Attack2/FlowerBoss_Attack2_034.png,b47b1b9168daea315410d1caf245d3e5,FlowerBoss_Attack2_034
Assets/Art/Sprites/Characters/Enemies/Flower Boss/Attack2/FlowerBoss_Attack2_035.png,973211edd2771b112a4afc2ebefbebad,FlowerBoss_Attack2_035
Assets/Art/Sprites/Characters/Enemies/Flower Boss/Attack2/FlowerBoss_Attack2_036.png,6162edfbccfc97a4beec1447fe33667b,FlowerBoss_Attack2_036
Assets/Art/Sprites/Characters/Enemies/Flower Boss/Attack2/FlowerBoss_Attack2_037.png,301a1e2885800b28cf5aa5cf4db83d5a,FlowerBoss_Attack2_037
Assets/Art/Sprites/Characters/Enemies/Flower Boss/Attack2/FlowerBoss_Attack2_038.png,d385f4361490e41aac52a0f0cded975d,FlowerBoss_Attack2_038
Assets/Art/Sprites/Characters/Enemies/Flower Boss/Attack2/FlowerBoss_Attack2_039.png,034ff2a18b6cac3ec51c1509d96008cb,FlowerBoss_Attack2_039
Assets/Art/Sprites/Characters/Enemies/Flower Boss/Attack2/FlowerBoss_Attack2_040.png,04e32033dec9ae31a5c30f79c1547bb2,FlowerBoss_Attack2_040
Assets/Art/Sprites/Characters/Enemies/Flower Boss/Attack2/FlowerBoss_Attack2_041.png,f0df4275499ddb5e10737856500b434d,FlowerBoss_Attack2_041
Assets/Art/Sprites/Characters/Enemies/Flower Boss/Attack2/FlowerBoss_Attack2_042.png,ceb3c96a1235b950821eacd983f7ccd3,FlowerBoss_Attack2_042
Assets/Art/Sprites/Characters/Enemies/Flower Boss/Attack2/FlowerBoss_Attack2_043.png,83d07255b08a3efcceef358c1895fe0e,FlowerBoss_Attack2_043
Assets/Art/Sprites/Characters/Enemies/Flower Boss/Attack2/FlowerBoss_Attack2_044.png,81833014064c719a06f3ac93ab5779f2,FlowerBoss_Attack2_044
Assets/Art/Sprites/Characters/Enemies/Flower Boss/Attack2/FlowerBoss_Attack2_045.png,8f749caa81f93236fb406d54d2bdd2b8,FlowerBoss_Attack2_045
Assets/Art/Sprites/Characters/Enemies/Flower Boss/Attack2/FlowerBoss_Attack2_046.png,5a2ac1563e663b53d16cc8b0bb404c76,FlowerBoss_Attack2_046
Assets/Art/Sprites/Characters/Enemies/Flower Boss/Attack2/FlowerBoss_Attack2_047.png,a870bee7071afc55e81988b8632970a5,FlowerBoss_Attack2_047
Assets/Art/Sprites/Characters/Enemies/Flower Boss/Attack2/FlowerBoss_Attack2_048.png,fc7f1a7fac7bd07306be51e9494233f3,FlowerBoss_Attack2_048
Assets/Art/Sprites/Characters/Enemies/Flower Boss/Attack2/FlowerBoss_Attack2_049.png,1ef9025751d66fce1bf3546d74107dcd,FlowerBoss_Attack2_049
Assets/Art/Sprites/Characters/Enemies/Flower Boss/Attack2/FlowerBoss_Attack2_050.png,9ec47827b8af1a487580dd617acfc7b7,FlowerBoss_Attack2_050
Assets/Art/Sprites/Characters/Enemies/Flower Boss/Attack2/FlowerBoss_Attack2_051.png,91333643636c492de606b32b17fe3eed,FlowerBoss_Attack2_051
Assets/Art/Sprites/Characters/Enemies/Flower Boss/Attack2/FlowerBoss_Attack2_052.png,606ccfca5486094c5d478c209f4d8963,FlowerBoss_Attack2_052
Assets/Art/Sprites/Characters/Enemies/Flower Boss/Attack2/FlowerBoss_Attack2_053.png,f5a56a1c1eef475c42bdb2acce3ac6b4,FlowerBoss_Attack2_053
Assets/Art/Sprites/Characters/Enemies/Flower Boss/Attack2/FlowerBoss_Attack2_054.png,80be5085a2c0c525f00eb3c9f108f652,FlowerBoss_Attack2_054
Assets/Art/Sprites/Characters/Enemies/Flower Boss/Attack2/FlowerBoss_Attack2_055.png,8932ad5475f885d46c88a01957630f11,FlowerBoss_Attack2_055
Assets/Art/Sprites/Characters/Enemies/Flower Boss/Attack2/FlowerBoss_Attack2_056.png,1885b4766dfd3747a27201040bf6c719,FlowerBoss_Attack2_056
Assets/Art/Sprites/Characters/Enemies/Flower Boss/Attack2/FlowerBoss_Attack2_057.png,ab786d6ddc57828cf7de34a22bed6bca,FlowerBoss_Attack2_057
Assets/Art/Sprites/Characters/Enemies/Flower Boss/Attack2/FlowerBoss_Attack2_058.png,980945c0cb204e2e9e2cd811f7e22d42,FlowerBoss_Attack2_058
